Timestamp,AQI,PM2.5 (µg/m³),PM10 (µg/m³),NO (µg/m³),NO2 (µg/m³),NOx (ppb),NH3 (µg/m³),SO2 (µg/m³),CO (mg/m³),Ozone (µg/m³),Benzene (µg/m³),Toluene (µg/m³),Xylene (µg/m³),O Xylene (µg/m³),Eth-Benzene (µg/m³),MP-Xylene (µg/m³),AT (°C),RH (%),WS (m/s),WD (deg),RF (mm),TOT-RF (mm),SR (W/mt2),BP (mmHg),VWS (m/s)
01-01-2022 00:00,362,234.9,374,142.42,9.48,138.14,NA,NA,4.19,22.51,0,2.95,0,NA,NA,NA,NA,NA,NA,NA,NA,0,NA,NA,NA
02-01-2022 00:00,,270.78,414.67,185.14,9.99,184.05,NA,NA,3.79,27.03,0,2.1,0.02,NA,NA,NA,NA,NA,NA,NA,NA,0,NA,NA,NA
03-01-2022 00:00,395,246.83,385.56,138.22,9.13,147.34,NA,NA,3.95,39.5,0,1.09,0,NA,NA,NA,NA,NA,NA,NA,NA,0,NA,NA,NA
04-01-2022 00:00,413,210.18,329.21,188.71,10.03,198.78,NA,NA,4.21,35.37,0.76,0.03,0.76,NA,NA,NA,NA,NA,NA,NA,NA,0,NA,NA,NA
05-01-2022 00:00,,201.37,279.5,133.19,9.08,123.02,NA,NA,3.8,36.95,0.95,0.07,1.81,NA,NA,NA,NA,NA,NA,NA,NA,0,NA,NA,NA
06-01-2022 00:00,206,82.67,115.02,NA,NA,0,NA,NA,2.32,32.27,0.3,0.02,0.26,NA,NA,NA,NA,NA,NA,NA,NA,0,NA,NA,NA
07-01-2022 00:00,,66.44,97.65,31.28,7.33,38.53,NA,NA,1.75,32,0,0,0.13,NA,NA,NA,NA,NA,NA,NA,NA,0,NA,NA,NA
08-01-2022 00:00,81,42.44,57.82,17.01,7.08,24.09,NA,NA,1.45,42.54,0,0,0,NA,NA,NA,NA,NA,NA,NA,NA,0,NA,NA,NA
09-01-2022 00:00,,32.67,43.11,18.32,7.04,22.24,NA,NA,1.41,33.12,0,0,0,NA,NA,NA,NA,NA,NA,NA,NA,0,NA,NA,NA
10-01-2022 00:00,,66.99,106.47,NA,6.65,0.74,NA,NA,1.6,36.22,0,0,0,NA,NA,NA,NA,NA,NA,NA,NA,0,NA,NA,NA
11-01-2022 00:00,175,76.77,105.55,14.07,6.64,1.01,NA,NA,1.66,38.13,0,0,0,NA,NA,NA,NA,NA,NA,NA,NA,0,NA,NA,NA
12-01-2022 00:00,110,77.38,131.87,175.39,9.05,47.67,NA,NA,2.58,28.43,0.09,0,0.11,NA,NA,NA,NA,NA,NA,NA,NA,0,NA,NA,NA
13-01-2022 00:00,279,173.57,271.64,115,14.27,115.29,NA,NA,3.45,19.04,1.34,0.03,0,NA,NA,NA,NA,NA,NA,NA,NA,0,NA,NA,NA
14-01-2022 00:00,325,153.75,238.01,60.31,14.35,70.32,NA,NA,3.08,17.9,1.69,0.05,0,NA,NA,NA,NA,NA,NA,NA,NA,0,NA,NA,NA
15-01-2022 00:00,248,105.41,165.1,23.9,14.55,21.47,NA,NA,2.11,19.18,1.1,0.03,0,NA,NA,NA,NA,NA,NA,NA,NA,0,NA,NA,NA
16-01-2022 00:00,226,121.35,196.13,37.14,14.46,24.54,NA,NA,2.36,21.99,0.29,0.01,0,NA,NA,NA,NA,NA,NA,NA,NA,0,NA,NA,NA
17-01-2022 00:00,311,164.11,269.28,37.65,10.25,41.6,NA,NA,2.99,21.14,0.23,0.19,0,NA,NA,NA,NA,NA,NA,NA,NA,0,NA,NA,NA
18-01-2022 00:00,357,166.1,272.03,17.25,5.11,22.36,NA,NA,2.3,20.02,0,0.18,0,NA,NA,NA,NA,NA,NA,NA,NA,0,NA,NA,NA
19-01-2022 00:00,313,168.4,296.99,56.36,3.82,58.99,NA,NA,3.25,21.81,0,0.66,0,NA,NA,NA,NA,NA,NA,NA,NA,0,NA,NA,NA
20-01-2022 00:00,390,232.47,389.19,96.78,2.92,98.06,NA,NA,3.99,19.61,0,0.3,0,NA,NA,NA,NA,NA,NA,NA,NA,0,NA,NA,NA
21-01-2022 00:00,349,165.89,277.01,70.65,3.7,72.8,NA,NA,3.88,14.97,0,0.21,0,NA,NA,NA,NA,NA,NA,NA,NA,0,NA,NA,NA
22-01-2022 00:00,279,104.65,158.73,12.36,4.14,16.49,NA,NA,2.95,14.2,0,0.16,0,NA,NA,NA,NA,NA,NA,NA,NA,0,NA,NA,NA
23-01-2022 00:00,,88.31,142.96,34,3.66,37.42,NA,NA,2.73,14.12,0,0.21,0,NA,NA,NA,NA,NA,NA,NA,NA,0,NA,NA,NA
24-01-2022 00:00,234,104.18,178.46,97.68,4.89,101.25,NA,NA,3.64,14.24,0,0.17,0,NA,NA,NA,NA,NA,NA,NA,NA,0,NA,NA,NA
25-01-2022 00:00,182,93.51,167.85,61.97,7.95,69.92,NA,NA,2.73,14.97,0.01,0,0,NA,NA,NA,NA,NA,NA,NA,NA,0,NA,NA,NA
26-01-2022 00:00,249,117.55,186.51,38.27,8.8,47.06,NA,NA,2.76,14.76,0,0,0,NA,NA,NA,NA,NA,NA,NA,NA,0,NA,NA,NA
27-01-2022 00:00,258,97.74,145.05,19.5,9.39,28.84,NA,NA,2.46,13.96,0,0.12,0.14,NA,NA,NA,NA,NA,NA,NA,NA,0,NA,NA,NA
28-01-2022 00:00,162,81.76,135.07,25.64,9.25,34.89,NA,NA,2.2,13.95,0,0.08,0,NA,NA,NA,NA,NA,NA,NA,NA,0,NA,NA,NA
29-01-2022 00:00,233,105.53,175.98,44.61,8.66,53,NA,NA,2.6,13.95,0,1.03,0,NA,NA,NA,NA,NA,NA,NA,NA,0,NA,NA,NA
30-01-2022 00:00,253,118.93,200.42,61.06,12.58,69.01,NA,NA,2.66,14.28,0,0.26,0,NA,NA,NA,NA,NA,NA,NA,NA,0,NA,NA,NA
31-01-2022 00:00,309,197.57,324.91,201.5,19.63,201.55,NA,NA,3.56,14.04,0,0.22,0,NA,NA,NA,NA,NA,NA,NA,NA,0,NA,NA,NA
01-02-2022 00:00,362,180.61,285.46,133.49,7.09,121.51,NA,NA,3.71,17.04,0.03,0.56,0.03,NA,NA,NA,NA,NA,NA,NA,NA,0,NA,NA,NA
02-02-2022 00:00,296,141.51,237.18,22.33,9.3,31.6,NA,NA,2.36,37.4,0,0.13,0,NA,NA,NA,NA,NA,NA,NA,NA,0,NA,NA,NA
03-02-2022 00:00,295,116.26,181.78,13.5,9.61,23.12,NA,NA,2.16,32.81,0,0.03,0,NA,NA,NA,NA,NA,NA,NA,NA,0,NA,NA,NA
04-02-2022 00:00,119,47.54,80.89,39.84,8.81,48.59,NA,NA,2.09,24.44,0,0.05,0,NA,NA,NA,NA,NA,NA,NA,NA,0,NA,NA,NA
05-02-2022 00:00,170,86.16,142.02,72.01,7.69,79.67,NA,NA,2.96,23.22,0,0.67,0,NA,NA,NA,NA,NA,NA,NA,NA,0,NA,NA,NA
06-02-2022 00:00,277,159.9,260.99,167.88,6.35,173.02,NA,NA,5.25,27.48,0,5.32,0,NA,NA,NA,NA,NA,NA,NA,NA,0,NA,NA,NA
07-02-2022 00:00,207,110.89,214.77,125.16,5.99,130.99,NA,NA,3.56,31.77,0,5.32,0,NA,NA,NA,NA,NA,NA,NA,NA,0,NA,NA,NA
08-02-2022 00:00,188,126.67,215.59,117.53,6.8,123.74,NA,NA,3.88,33.61,0,2.81,0,NA,NA,NA,NA,NA,NA,NA,NA,0,NA,NA,NA
09-02-2022 00:00,211,91.83,160.89,42.3,9.64,51.92,NA,NA,2.75,30.78,0.2,0.74,0.01,NA,NA,NA,NA,NA,NA,NA,NA,0,NA,NA,NA
10-02-2022 00:00,141,68.24,146.87,32.94,9.92,42.86,NA,NA,2.5,27.86,0.16,0.14,0.01,NA,NA,NA,NA,NA,NA,NA,NA,0,NA,NA,NA
11-02-2022 00:00,117,63.08,131.53,5.48,10.89,16.33,NA,NA,2.05,35.29,0.02,0.09,0,NA,NA,NA,NA,NA,NA,NA,NA,0,NA,NA,NA
12-02-2022 00:00,135,69.65,146.52,38.57,9.79,48.13,NA,NA,2.62,31.21,0,0.11,0,NA,NA,NA,NA,NA,NA,NA,NA,0,NA,NA,NA
13-02-2022 00:00,205,100.2,196.24,124.61,7.25,131.53,NA,NA,3.79,31.06,0.09,0.41,0.01,NA,NA,NA,NA,NA,NA,NA,NA,0,NA,NA,NA
14-02-2022 00:00,220,112.7,203.22,123.15,7.58,129.98,NA,NA,3.75,32.35,0.15,0.23,0.01,NA,NA,NA,NA,NA,NA,NA,NA,0,NA,NA,NA
15-02-2022 00:00,165,84.11,184.07,125.28,7.16,132.04,NA,NA,3.43,27.4,0,0,0,NA,NA,NA,NA,NA,NA,NA,NA,0,NA,NA,NA
16-02-2022 00:00,239,120.24,236,125.02,7.55,132.97,NA,NA,4.82,29.38,0,0,0,NA,NA,NA,NA,NA,NA,NA,NA,0,NA,NA,NA
17-02-2022 00:00,,91.69,191.74,66.25,9.14,73.36,NA,NA,2.68,26.46,0,0,0,NA,NA,NA,NA,NA,NA,NA,NA,0,NA,NA,NA
18-02-2022 00:00,257,99.45,202.44,86.67,8.17,92.33,NA,NA,2.14,25.39,0,0,0,NA,NA,NA,NA,NA,NA,NA,NA,0,NA,NA,NA
19-02-2022 00:00,160,75.21,152.22,24.67,10.87,34.5,NA,NA,1.44,27.87,0,0,0,NA,NA,NA,NA,NA,NA,NA,NA,0,NA,NA,NA
20-02-2022 00:00,138,64.3,137.34,3.75,11.63,14.5,NA,NA,1.23,38,0,0,0,NA,NA,NA,NA,NA,NA,NA,NA,0,NA,NA,NA
21-02-2022 00:00,136,68.54,203.51,56.74,10.18,66.06,NA,NA,2.01,29.34,0,0,0,NA,NA,NA,NA,NA,NA,NA,NA,0,NA,NA,NA
22-02-2022 00:00,242,96.73,246.41,95.89,9.04,97.48,NA,NA,2.83,46.08,0,0,0,NA,NA,NA,NA,NA,NA,NA,NA,0,NA,NA,NA
23-02-2022 00:00,184,92.26,173.57,46.88,10.07,55.78,NA,NA,2.35,39.5,0,0,0,NA,NA,NA,NA,NA,NA,NA,NA,0,NA,NA,NA
24-02-2022 00:00,223,126.65,243.75,96.78,6.34,99.37,NA,NA,3.04,30.37,0,0,0,NA,NA,NA,NA,NA,NA,NA,NA,0,NA,NA,NA
25-02-2022 00:00,244,131.2,247.58,51.33,7.8,58.38,NA,NA,2,32.5,0,0,0,NA,NA,NA,NA,NA,NA,NA,NA,0,NA,NA,NA
26-02-2022 00:00,,31.63,66.36,15.62,9.18,24.79,NA,NA,0.22,36.94,0,0,0,NA,NA,NA,NA,NA,NA,NA,NA,0,NA,NA,NA
27-02-2022 00:00,,38.7,72.68,17.39,8.94,26.29,NA,NA,0.25,28.73,0,0,0,NA,NA,NA,NA,NA,NA,NA,NA,0,NA,NA,NA
28-02-2022 00:00,,41.88,82.67,20.35,8.85,29.21,NA,NA,0.25,33.85,0,0,0,NA,NA,NA,NA,NA,NA,NA,NA,0,NA,NA,NA
01-03-2022 00:00,,66.86,141.44,41.54,8.09,49.34,NA,NA,0.49,30,0,0,0,NA,NA,NA,NA,NA,NA,NA,NA,0,NA,NA,NA
02-03-2022 00:00,191,82.34,159.3,99.86,6.99,104.6,NA,NA,1.41,25.34,0,0,0,NA,NA,NA,NA,NA,NA,NA,NA,0,NA,NA,NA
03-03-2022 00:00,111,62.63,130.13,33.82,11.3,44.05,NA,NA,0.96,29.12,0,0,0,NA,NA,NA,NA,NA,NA,NA,NA,0,NA,NA,NA
04-03-2022 00:00,130,57.62,124.69,16.92,15.39,32.31,NA,NA,0.7,25.6,0,0,0,NA,NA,NA,NA,NA,NA,NA,NA,0,NA,NA,NA
05-03-2022 00:00,84,43.03,89.05,12.39,13.86,26.25,NA,NA,0.68,31.71,0,0,0,NA,NA,NA,NA,NA,NA,NA,NA,0,NA,NA,NA
06-03-2022 00:00,114,70.68,143.03,38.49,24.15,62.56,NA,NA,1.22,31.35,0,0,0,NA,NA,NA,NA,NA,NA,NA,NA,0,NA,NA,NA
07-03-2022 00:00,225,107.22,221.68,113.23,54.23,165.52,NA,NA,2.4,47.96,0,0,0,NA,NA,NA,NA,NA,NA,NA,NA,0,NA,NA,NA
08-03-2022 00:00,234,90.16,182.17,57.59,31.57,88.95,NA,NA,1.96,23.58,0,0,0,NA,NA,NA,NA,NA,NA,NA,NA,0,NA,NA,NA
09-03-2022 00:00,122,53.9,135.38,25.61,19.82,45.13,NA,NA,1.34,21.76,0,0,0,NA,NA,NA,NA,NA,NA,NA,NA,0,NA,NA,NA
10-03-2022 00:00,114,48.25,122.8,15.19,14.65,29.79,NA,NA,1.21,28.39,0,0,0,NA,NA,NA,NA,NA,NA,NA,NA,0,NA,NA,NA
11-03-2022 00:00,123,52.65,133.46,15.37,15.58,30.39,NA,NA,1.32,27.01,0,0,0,NA,NA,NA,NA,NA,NA,NA,NA,0,NA,NA,NA
12-03-2022 00:00,119,55.59,134.18,28.05,19.65,47.63,NA,NA,1.54,29.47,0,0,0,NA,NA,NA,NA,NA,NA,NA,NA,0,NA,NA,NA
13-03-2022 00:00,149,76.34,165.77,36.28,24.66,60.7,NA,NA,2,25.88,0,0,0,NA,NA,NA,NA,NA,NA,NA,NA,0,NA,NA,NA
14-03-2022 00:00,222,101.09,209.12,80.6,44.02,123.86,NA,NA,3.1,24.24,0,0,0,NA,NA,NA,NA,NA,NA,NA,NA,0,NA,NA,NA
15-03-2022 00:00,229,98.54,216.66,38.94,24.82,63.66,NA,NA,2.52,23.44,0,0,0,NA,NA,NA,NA,NA,NA,NA,NA,0,NA,NA,NA
16-03-2022 00:00,167,70.37,173.24,12.98,15.78,28.13,NA,NA,1.79,27.92,0,0,0,NA,NA,NA,NA,NA,NA,NA,NA,0,NA,NA,NA
17-03-2022 00:00,,102.42,206.45,18.92,16.28,34.87,NA,NA,2.48,47.64,0,0,0,NA,NA,NA,NA,NA,NA,NA,NA,0,NA,NA,NA
18-03-2022 00:00,294,125.38,209.73,24.29,19.97,43.52,NA,NA,3.05,36.05,0,0,0,NA,NA,NA,NA,NA,NA,NA,NA,0,NA,NA,NA
19-03-2022 00:00,226,105.35,193.65,53.65,30.09,83.74,NA,NA,3.01,31.96,0,0,0,NA,NA,NA,NA,NA,NA,NA,NA,0,NA,NA,NA
20-03-2022 00:00,214,91.16,197.74,51.33,29.1,80.43,NA,NA,2.55,33.12,0,0,0,NA,NA,NA,NA,NA,NA,NA,NA,0,NA,NA,NA
21-03-2022 00:00,257,123.98,241.21,33.69,22.01,55.71,NA,NA,2.72,28.72,0,0,0,NA,NA,NA,NA,NA,NA,NA,NA,0,NA,NA,NA
22-03-2022 00:00,143,74.28,163.76,12.03,13.33,25.32,NA,NA,1.39,35.03,0,0,0,NA,NA,NA,NA,NA,NA,NA,NA,0,NA,NA,NA
23-03-2022 00:00,157,70.63,190.5,59.82,32.68,46.76,NA,NA,1.98,28.67,0,0,0,NA,NA,NA,NA,NA,NA,NA,NA,0,NA,NA,NA
24-03-2022 00:00,239,96.61,265.45,112.26,53.81,143.41,NA,NA,3.49,27.02,0,0,0,NA,NA,NA,NA,NA,NA,NA,NA,0,NA,NA,NA
25-03-2022 00:00,167,69.18,188.66,17.31,13.12,28.44,NA,NA,2.26,24.12,0,0,0,NA,NA,NA,NA,NA,NA,NA,NA,0,NA,NA,NA
26-03-2022 00:00,167,67.49,185.03,17.73,8.43,26.09,NA,NA,2.12,33.41,0,0,0,NA,NA,NA,NA,NA,NA,NA,NA,0,NA,NA,NA
27-03-2022 00:00,,70.93,197.14,10,4.91,14.91,NA,NA,2.34,36.37,0,0,0,NA,NA,NA,NA,NA,NA,NA,NA,0,NA,NA,NA
28-03-2022 00:00,206,87.06,237.26,21.96,10.22,31.38,NA,NA,2.66,26.14,0,0,0,NA,NA,NA,NA,NA,NA,NA,NA,0,NA,NA,NA
29-03-2022 00:00,,114.02,284.37,14.1,6.92,21,NA,NA,3.42,29.36,0,0,0,NA,NA,NA,NA,NA,NA,NA,NA,0,NA,NA,NA
30-03-2022 00:00,207,99.31,269.32,33.36,15.34,48.54,NA,NA,4.15,38.58,0,0,0,NA,NA,NA,NA,NA,NA,NA,NA,0,NA,NA,NA
31-03-2022 00:00,,143.74,281.89,37.6,16.99,54.51,NA,NA,3.95,48.38,0,0,0,NA,NA,NA,NA,NA,NA,NA,NA,0,NA,NA,NA
01-04-2022 00:00,173,52.16,167.1,36.67,16.7,53.33,NA,NA,3.3,43.61,0,0,0,NA,NA,NA,NA,NA,NA,NA,NA,0,NA,NA,NA
02-04-2022 00:00,180,89.96,235.07,35.94,16.23,52.04,NA,NA,3.87,44.78,0,0,0,NA,NA,NA,NA,NA,NA,NA,NA,0,NA,NA,NA
03-04-2022 00:00,211,87.94,238.01,9.92,4.99,14.89,NA,NA,3.93,43.72,0,0,0,NA,NA,NA,NA,NA,NA,NA,NA,0,NA,NA,NA
04-04-2022 00:00,233,95.7,262.8,9.65,4.9,14.53,NA,NA,3.65,39.15,0,0,0,NA,NA,NA,NA,NA,NA,NA,NA,0,NA,NA,NA
05-04-2022 00:00,202,67.32,209.68,9.7,4.95,14.65,NA,NA,3.14,36.99,0,0,0,NA,NA,NA,NA,NA,NA,NA,NA,0,NA,NA,NA
06-04-2022 00:00,,87.32,232.47,11.42,5.85,17.2,NA,NA,1.83,37.93,0,0,0,NA,NA,NA,NA,NA,NA,NA,NA,0,NA,NA,NA
07-04-2022 00:00,218,103.87,260.67,10.4,5.21,15.57,NA,NA,0.79,40.07,0,0,0,NA,NA,NA,NA,NA,NA,NA,NA,0,NA,NA,NA
08-04-2022 00:00,,89.03,247.1,14.79,7.5,22.21,NA,NA,1.76,40.84,0,0,0,NA,NA,NA,NA,NA,NA,NA,NA,0,NA,NA,NA
09-04-2022 00:00,,96.04,251.9,27.56,13.45,40.67,NA,NA,2.59,40.13,0,0,0,NA,NA,NA,NA,NA,NA,NA,NA,0,NA,NA,NA
10-04-2022 00:00,,83.01,250.23,28.85,13.21,42,NA,NA,0.02,37.79,0,0,0,NA,NA,NA,NA,NA,NA,NA,NA,0,NA,NA,NA
11-04-2022 00:00,,95.45,260.54,35.78,16.27,51.93,NA,NA,0.02,39.44,0,0,0,NA,NA,NA,NA,NA,NA,NA,NA,0,NA,NA,NA
12-04-2022 00:00,,62.31,207.21,40.53,18.55,59.02,NA,NA,2.41,26.7,0,0,0,NA,NA,NA,NA,NA,NA,NA,NA,0,NA,NA,NA
13-04-2022 00:00,236,85.15,291.48,30.32,14.37,44.29,NA,NA,2.59,26.96,0,0,0,NA,NA,NA,NA,NA,NA,NA,NA,0,NA,NA,NA
14-04-2022 00:00,232,53.83,286.38,37.48,17.19,54.55,NA,NA,0.02,47.74,0,0,0,NA,NA,NA,NA,NA,NA,NA,NA,0,NA,NA,NA
15-04-2022 00:00,206,65.83,208.95,49.78,22.56,72.21,NA,NA,NA,51.79,0,0,0,NA,NA,NA,NA,NA,NA,NA,NA,0,NA,NA,NA
16-04-2022 00:00,188,98.31,284.13,20.59,9.47,29.88,NA,NA,5.29,40.2,0,0,0,NA,NA,NA,NA,NA,NA,NA,NA,0,NA,NA,NA
17-04-2022 00:00,222,94.44,244.98,14.48,6.86,21.28,NA,NA,0.18,45.35,0,0,0,NA,NA,NA,NA,NA,NA,NA,NA,0,NA,NA,NA
18-04-2022 00:00,211,85.93,245.84,15.95,7.89,23.78,NA,NA,1.68,46.32,0,0,0,NA,NA,NA,NA,NA,NA,NA,NA,0,NA,NA,NA
19-04-2022 00:00,307,125.13,356.88,13.91,6.85,20.72,NA,NA,3.43,33.15,0,0,0,NA,NA,NA,NA,NA,NA,NA,NA,0,NA,NA,NA
20-04-2022 00:00,,69.55,250.12,33.56,15.45,48.95,NA,NA,1.79,34.89,0,0,0,NA,NA,NA,NA,NA,NA,NA,NA,0,NA,NA,NA
21-04-2022 00:00,261,69.9,342.76,10.48,5.19,15.65,NA,NA,1.91,23.26,0,0,0,NA,NA,NA,NA,NA,NA,NA,NA,0,NA,NA,NA
22-04-2022 00:00,192,59.41,204.31,9.66,4.8,14.46,NA,NA,1.75,47.74,0,0,0,NA,NA,NA,NA,NA,NA,NA,NA,0,NA,NA,NA
23-04-2022 00:00,,82.79,268.78,10.65,5.37,16,NA,NA,2.36,39.03,0,0,0,NA,NA,NA,NA,NA,NA,NA,NA,0,NA,NA,NA
24-04-2022 00:00,226,94.99,270.99,18.98,8.95,27.9,NA,NA,1.65,50.88,0,0,0,NA,NA,NA,NA,NA,NA,NA,NA,0,NA,NA,NA
25-04-2022 00:00,224,81.7,280.43,22.35,10.46,32.8,NA,NA,1.37,56.46,0,0,0,NA,NA,NA,NA,NA,NA,NA,NA,0,NA,NA,NA
26-04-2022 00:00,184,73.72,202.87,15.59,7.5,23.08,NA,NA,1.64,40.91,0,0,0,NA,NA,NA,NA,NA,NA,NA,NA,0,NA,NA,NA
27-04-2022 00:00,267,149.55,306.37,18.11,8.67,26.76,NA,NA,2.91,43.95,0,0,0,NA,NA,NA,NA,NA,NA,NA,NA,0,NA,NA,NA
28-04-2022 00:00,278,147.29,314.91,19.96,9.52,29.44,NA,NA,3.26,45.09,0,0,0,NA,NA,NA,NA,NA,NA,NA,NA,0,NA,NA,NA
29-04-2022 00:00,274,137.41,313.76,22.63,10.55,33.17,NA,NA,2.74,36.62,0,0,0,NA,NA,NA,NA,NA,NA,NA,NA,0,NA,NA,NA
30-04-2022 00:00,244,114.02,269.49,26.12,12.32,38.35,NA,NA,2.84,37.31,0,0,0,NA,NA,NA,NA,NA,NA,NA,NA,0,NA,NA,NA
01-05-2022 00:00,228,80.84,274.88,15.29,7.46,22.51,NA,NA,2.15,39.15,0,0,0,NA,NA,NA,NA,NA,NA,NA,NA,0,NA,NA,NA
02-05-2022 00:00,184,50.36,195.2,11.75,5.85,17.57,NA,NA,1.49,42.86,0,0,0,NA,NA,NA,NA,NA,NA,NA,NA,0,NA,NA,NA
03-05-2022 00:00,227,77.1,314.04,7.29,3.87,11.16,NA,NA,1.74,37.54,0,0,0,NA,NA,NA,NA,NA,NA,NA,NA,0,NA,NA,NA
04-05-2022 00:00,,57.61,182.09,15.3,7.34,22.64,NA,NA,1.43,31.57,0,0,0,NA,NA,NA,NA,NA,NA,NA,NA,0,NA,NA,NA
05-05-2022 00:00,108,54.09,157.56,17.56,8.52,25.98,NA,NA,1.79,34.93,0,0,0,NA,NA,NA,NA,NA,NA,NA,NA,0,NA,NA,NA
06-05-2022 00:00,218,86.94,241.96,8.93,4.71,13.55,NA,NA,2.41,27.04,0,0,0,NA,NA,NA,NA,NA,NA,NA,NA,0,NA,NA,NA
07-05-2022 00:00,175,75.12,218.43,27.32,12.68,39.88,NA,NA,2.24,30.72,0,0,0,NA,NA,NA,NA,NA,NA,NA,NA,0,NA,NA,NA
08-05-2022 00:00,170,70.48,182.43,26.26,12.31,38.39,NA,NA,1.54,43.62,0,0,0,NA,NA,NA,NA,NA,NA,NA,NA,0,NA,NA,NA
09-05-2022 00:00,141,59.8,140.71,33.18,15.1,48.27,NA,NA,1.38,40.04,0,0,0,NA,NA,NA,NA,NA,NA,NA,NA,0,NA,NA,NA
10-05-2022 00:00,124,54.26,135.94,22.71,10.42,33.1,NA,NA,1.51,40.18,0,0,0,NA,NA,NA,NA,NA,NA,NA,NA,0,NA,NA,NA
11-05-2022 00:00,,55.35,141.18,26.44,12.28,38.62,NA,NA,1.5,42.52,0,0,0,NA,NA,NA,NA,NA,NA,NA,NA,0,NA,NA,NA
12-05-2022 00:00,130,61.28,159.62,26.44,12.25,38.66,NA,NA,1.81,42.02,0,0,0,NA,NA,NA,NA,NA,NA,NA,NA,0,NA,NA,NA
13-05-2022 00:00,143,62.63,177.34,26.47,12.38,38.85,NA,NA,2.6,43.2,0,0,0,NA,NA,NA,NA,NA,NA,NA,NA,0,NA,NA,NA
14-05-2022 00:00,,110.66,261.99,31.41,14.3,41.19,NA,NA,3.8,37.35,0,0,0,NA,NA,NA,NA,NA,NA,NA,NA,0,NA,NA,NA
15-05-2022 00:00,292,126.34,301.92,38.52,16.9,55.42,NA,NA,4.06,26.12,0,0,0,NA,NA,NA,NA,NA,NA,NA,NA,0,NA,NA,NA
16-05-2022 00:00,284,87.25,394.96,43.06,19.38,62.41,NA,NA,1.71,31.9,0,0,0,NA,NA,NA,NA,NA,NA,NA,NA,0,NA,NA,NA
17-05-2022 00:00,228,62.64,228.41,32.08,14.83,46.77,NA,NA,1.92,49.61,0,0,0,NA,NA,NA,NA,NA,NA,NA,NA,0,NA,NA,NA
18-05-2022 00:00,248,77.39,253.28,31.75,14.18,45.34,NA,NA,1.89,44,0,0,0,NA,NA,NA,NA,NA,NA,NA,NA,0,NA,NA,NA
19-05-2022 00:00,198,89.84,281.45,29.86,14,43.61,NA,NA,2.08,50.9,0,0,0,NA,NA,NA,NA,NA,NA,NA,NA,0,NA,NA,NA
20-05-2022 00:00,320,89.04,335.47,39.82,18.16,57.9,NA,NA,1.82,41.46,0,0,0,NA,NA,NA,NA,NA,NA,NA,NA,0,NA,NA,NA
21-05-2022 00:00,294,65.27,325.62,34.58,15.57,50.13,NA,NA,1.52,39.14,0,0,0,NA,NA,NA,NA,NA,NA,NA,NA,0,NA,NA,NA
22-05-2022 00:00,,59.37,197.04,35.42,16.07,51.43,NA,NA,1.79,48.17,0,0,0,NA,NA,NA,NA,NA,NA,NA,NA,0,NA,NA,NA
23-05-2022 00:00,,28.14,93.94,39.98,18.1,58.08,NA,NA,1.11,33.33,0,0,0,NA,NA,NA,NA,NA,NA,NA,NA,0,NA,NA,NA
24-05-2022 00:00,,35.53,80.02,23.06,10.95,33.96,NA,NA,1.73,29.76,0,0,0,NA,NA,NA,NA,NA,NA,NA,NA,0,NA,NA,NA
25-05-2022 00:00,146,72.91,163.01,39.22,17.94,57.16,NA,NA,1.75,40.29,0,0,0,NA,NA,NA,NA,NA,NA,NA,NA,0,NA,NA,NA
26-05-2022 00:00,161,88.26,194.01,43.49,19.33,62.82,NA,NA,2.39,47.03,0,0,0,NA,NA,NA,NA,NA,NA,NA,NA,0,NA,NA,NA
27-05-2022 00:00,176,68.58,210.04,45.13,20.4,65.53,NA,NA,2.28,26.12,0,0,0,NA,NA,NA,NA,NA,NA,NA,NA,0,NA,NA,NA
28-05-2022 00:00,213,65.55,295.85,47.08,21.11,68.19,NA,NA,2.04,25.4,0,0,0,NA,NA,NA,NA,NA,NA,NA,NA,0,NA,NA,NA
29-05-2022 00:00,263,62.97,255.29,41.45,18.67,60.12,NA,NA,1.85,31.47,0,0,0,NA,NA,NA,NA,NA,NA,NA,NA,0,NA,NA,NA
30-05-2022 00:00,188,59.84,196.8,38.99,17.72,56.59,NA,NA,2.06,33.87,0,0,0,NA,NA,NA,NA,NA,NA,NA,NA,0,NA,NA,NA
31-05-2022 00:00,,89.19,313.07,41.87,18.92,60.72,NA,NA,3.19,24.87,0,0,0,NA,NA,NA,NA,NA,NA,NA,NA,0,NA,NA,NA
01-06-2022 00:00,323,104.5,312.9,41.75,19.53,59.99,NA,NA,3.05,35.45,0,0,0,NA,NA,NA,NA,NA,NA,NA,NA,0,NA,NA,NA
02-06-2022 00:00,186,63.51,242.27,28.56,13.01,40.92,NA,NA,1.15,25.81,0,0,0,NA,NA,NA,NA,NA,NA,NA,NA,0,NA,NA,NA
03-06-2022 00:00,172,54.31,199.3,35.37,15.75,51.01,NA,NA,1.63,34.36,0,0,0,NA,NA,NA,NA,NA,NA,NA,NA,0,NA,NA,NA
04-06-2022 00:00,196,71.29,229.96,29.13,13.47,42.49,NA,NA,1.77,35.4,0,0,0,NA,NA,NA,NA,NA,NA,NA,NA,0,NA,NA,NA
05-06-2022 00:00,185,49.98,221.67,33.45,15.03,47.97,NA,NA,0.82,27.96,0,0,0,NA,NA,NA,NA,NA,NA,NA,NA,0,NA,NA,NA
06-06-2022 00:00,165,45.16,193.03,29.11,13.26,39.11,NA,NA,1.06,38.48,0,0,0,NA,NA,NA,NA,NA,NA,NA,NA,0,NA,NA,NA
07-06-2022 00:00,,74.88,346.33,25.45,12.1,36.24,NA,NA,0.82,28.55,0,0,0,NA,NA,NA,NA,NA,NA,NA,NA,0,NA,NA,NA
08-06-2022 00:00,307,55.92,311.05,38.87,17.4,56.22,NA,NA,1.12,27.72,0,0,0,NA,NA,NA,NA,NA,NA,NA,NA,0,NA,NA,NA
09-06-2022 00:00,211,52.94,256.71,22.61,10.64,32.73,NA,NA,0.97,27.12,0,0,0,NA,NA,NA,NA,NA,NA,NA,NA,0,NA,NA,NA
10-06-2022 00:00,282,53.02,330.29,17.2,7.95,21.58,NA,NA,1.1,24.31,0,0,0,NA,NA,NA,NA,NA,NA,NA,NA,0,NA,NA,NA
11-06-2022 00:00,210,55.84,275.12,19.06,9.39,25.76,NA,NA,0.99,24.92,0,0,0,NA,NA,NA,NA,NA,NA,NA,NA,0,NA,NA,NA
12-06-2022 00:00,239,65.8,274.14,20.16,9.47,29.4,NA,NA,1.24,28.27,0,0,0,NA,NA,NA,NA,NA,NA,NA,NA,0,NA,NA,NA
13-06-2022 00:00,,41.97,204.36,11.15,5.92,14,NA,NA,1.05,28.24,0,0,0,NA,NA,NA,NA,NA,NA,NA,NA,0,NA,NA,NA
14-06-2022 00:00,,46.97,246.37,27.88,12.73,39.21,NA,NA,0.92,26.93,0,0,0,NA,NA,NA,NA,NA,NA,NA,NA,0,NA,NA,NA
15-06-2022 00:00,,28.95,113.12,12.44,5.9,16.78,NA,NA,0.92,26.2,0,0,0,NA,NA,NA,NA,NA,NA,NA,NA,0,NA,NA,NA
16-06-2022 00:00,115,72.96,117.82,30.02,12.88,38.59,NA,NA,1.29,28.06,0,0,0,NA,NA,NA,NA,NA,NA,NA,NA,0,NA,NA,NA
17-06-2022 00:00,74,19.33,66.47,23.69,11.39,34.75,NA,NA,1.52,17.97,0,0,0,NA,NA,NA,NA,NA,NA,NA,NA,0,NA,NA,NA
18-06-2022 00:00,73,27.91,59.9,16.76,8.36,22.72,NA,NA,1.49,18.31,0,0,0,NA,NA,NA,NA,NA,NA,NA,NA,0,NA,NA,NA
19-06-2022 00:00,,35.47,96.09,12.98,6.41,18.36,NA,NA,1.46,15.69,0,0,0,NA,NA,NA,NA,NA,NA,NA,NA,0,NA,NA,NA
20-06-2022 00:00,,42.79,107.11,13.23,6.66,19.76,NA,NA,1.65,20.34,0,0,0,NA,NA,NA,NA,NA,NA,NA,NA,0,NA,NA,NA
21-06-2022 00:00,,35.54,97.35,11.25,5.75,16.95,NA,NA,1.77,22.54,0,0,0,NA,NA,NA,NA,NA,NA,NA,NA,0,NA,NA,NA
22-06-2022 00:00,121,43.01,138.39,15.07,6.96,18.77,NA,NA,1.61,37.79,0,0,0,NA,NA,NA,NA,NA,NA,NA,NA,0,NA,NA,NA
23-06-2022 00:00,,51.24,175.12,14.96,6.85,21.64,NA,NA,1.45,26.02,0,0,0,NA,NA,NA,NA,NA,NA,NA,NA,0,NA,NA,NA
24-06-2022 00:00,,56.43,194.48,28.38,13,41.37,NA,NA,1.84,33.54,0,0,0,NA,NA,NA,NA,NA,NA,NA,NA,0,NA,NA,NA
25-06-2022 00:00,194,75.04,246.3,22.7,11.09,33.27,NA,NA,2.61,40.88,0,0,0,NA,NA,NA,NA,NA,NA,NA,NA,0,NA,NA,NA
26-06-2022 00:00,176,70.6,164.4,8.92,4.6,13.52,NA,NA,1.62,24.54,0,0,0,NA,NA,NA,NA,NA,NA,NA,NA,0,NA,NA,NA
27-06-2022 00:00,107,53.95,117.17,9.39,4.83,14.21,NA,NA,1.76,24.8,0,0,0,NA,NA,NA,NA,NA,NA,NA,NA,0,NA,NA,NA
28-06-2022 00:00,124,73.25,156.7,14.57,6.98,20.97,NA,NA,2.1,22.32,0,0,0,NA,NA,NA,NA,NA,NA,NA,NA,0,NA,NA,NA
29-06-2022 00:00,145,59.43,156.01,16.78,7.9,22.36,NA,NA,1.86,26.87,0,0,0,NA,NA,NA,NA,NA,NA,NA,NA,0,NA,NA,NA
30-06-2022 00:00,,29.31,60.96,9.01,4.45,10.41,NA,NA,2.28,15.31,0,0,0,NA,NA,NA,NA,NA,NA,NA,NA,0,NA,NA,NA
01-07-2022 00:00,,37.75,74.42,15.17,6.79,17.23,NA,NA,1.93,17.65,0,0,0,NA,NA,NA,NA,NA,NA,NA,NA,0,NA,NA,NA
02-07-2022 00:00,94,43.74,90.29,27.17,12.52,39.15,NA,NA,2.29,19.07,0,0,0,NA,NA,NA,NA,NA,NA,NA,NA,0,NA,NA,NA
03-07-2022 00:00,90,30.5,58.11,23.02,10.52,31.73,NA,NA,2.68,16.61,0,0,0,NA,NA,NA,NA,NA,NA,NA,NA,0,NA,NA,NA
04-07-2022 00:00,150,63.78,195.8,12.82,6.84,17.33,NA,NA,3.07,18.33,0,0,0,NA,NA,NA,NA,NA,NA,NA,NA,0,NA,NA,NA
05-07-2022 00:00,149,62.98,148.2,25.88,12.46,36.7,NA,NA,2.59,16.89,0,0,0,NA,NA,NA,NA,NA,NA,NA,NA,0,NA,NA,NA
06-07-2022 00:00,,50.2,101.92,13.16,6.48,19.46,NA,NA,2.31,18.36,0,0,0,NA,NA,NA,NA,NA,NA,NA,NA,0,NA,NA,NA
07-07-2022 00:00,,39.3,87.04,18.86,8.85,27.54,NA,NA,2.13,15.74,0,0,0,NA,NA,NA,NA,NA,NA,NA,NA,0,NA,NA,NA
08-07-2022 00:00,102,32.89,77.59,29.48,13.43,42.79,NA,NA,2.33,13.41,0,0,0,NA,NA,NA,NA,NA,NA,NA,NA,0,NA,NA,NA
09-07-2022 00:00,,31.87,81.62,18.21,8.48,23.51,NA,NA,2.23,13.26,0,0,0,NA,NA,NA,NA,NA,NA,NA,NA,0,NA,NA,NA
10-07-2022 00:00,99,29.87,70.51,19.2,8.14,20.68,NA,NA,2.14,12.82,0,0,0,NA,NA,NA,NA,NA,NA,NA,NA,0,NA,NA,NA
11-07-2022 00:00,103,46.44,100.73,31.61,14.17,43.48,NA,NA,3.09,12.85,0,0,0,NA,NA,NA,NA,NA,NA,NA,NA,0,NA,NA,NA
12-07-2022 00:00,115,69.63,102.24,31.46,14.26,42.81,NA,NA,3.24,11.93,0,0,0,NA,NA,NA,NA,NA,NA,NA,NA,0,NA,NA,NA
13-07-2022 00:00,107,31.64,73.84,20.92,9.77,27.7,NA,NA,2.41,12.11,0,0,0,NA,NA,NA,NA,NA,NA,NA,NA,0,NA,NA,NA
14-07-2022 00:00,95,28.95,76.97,16.33,8.29,22.72,NA,NA,1.99,11.57,0,0,0,NA,NA,NA,NA,NA,NA,NA,NA,0,NA,NA,NA
15-07-2022 00:00,70,28.03,72.41,7.52,4.7,9.11,NA,NA,1.44,10.32,0,0,0,NA,NA,NA,NA,NA,NA,NA,NA,0,NA,NA,NA
16-07-2022 00:00,127,33.21,51.96,29.29,13.32,40.08,NA,NA,3.55,11.68,0,0,0,NA,NA,NA,NA,NA,NA,NA,NA,0,NA,NA,NA
17-07-2022 00:00,76,37.74,57.8,17.8,8.25,22.96,NA,NA,1.52,9.47,0,0,0,NA,NA,NA,NA,NA,NA,NA,NA,0,NA,NA,NA
18-07-2022 00:00,84,53.31,96.92,17.34,8.15,24.66,NA,NA,1.73,8.54,0,0,0,NA,NA,NA,NA,NA,NA,NA,NA,0,NA,NA,NA
19-07-2022 00:00,99,52.48,99.43,20.21,9.7,28.96,NA,NA,2.23,13.49,0,0,0,NA,NA,NA,NA,NA,NA,NA,NA,0,NA,NA,NA
20-07-2022 00:00,88,29.18,66.08,14.97,7.22,21.32,NA,NA,2.01,21.15,0,0,0,NA,NA,NA,NA,NA,NA,NA,NA,0,NA,NA,NA
21-07-2022 00:00,,47.2,80.57,18.49,8.48,26.18,NA,NA,2.19,21.49,0,0,0,NA,NA,NA,NA,NA,NA,NA,NA,0,NA,NA,NA
22-07-2022 00:00,131,48.61,94.33,10.4,5.76,12.81,NA,NA,2.1,21.54,0,0,0,NA,NA,NA,NA,NA,NA,NA,NA,0,NA,NA,NA
23-07-2022 00:00,74,30.81,55.39,10.21,5.78,13,NA,NA,1.91,21.59,0,0,0,NA,NA,NA,NA,NA,NA,NA,NA,0,NA,NA,NA
24-07-2022 00:00,86,28.62,57.34,10.65,5.37,12.4,NA,NA,1.76,22.01,0,0,0,NA,NA,NA,NA,NA,NA,NA,NA,0,NA,NA,NA
25-07-2022 00:00,72,27.29,50.52,15.99,7.84,22.25,NA,NA,1.45,21.92,0,0,0,NA,NA,NA,NA,NA,NA,NA,NA,0,NA,NA,NA
26-07-2022 00:00,43,26.22,43.78,9.5,5.64,10.81,NA,NA,0.77,21.84,0,0,0,NA,NA,NA,NA,NA,NA,NA,NA,0,NA,NA,NA
27-07-2022 00:00,77,27.37,51.24,5.73,3.92,4.84,NA,NA,1.66,21.64,0,0,0,NA,NA,NA,NA,NA,NA,NA,NA,0,NA,NA,NA
28-07-2022 00:00,76,19.56,42.13,6.73,4.16,6.77,NA,NA,1.59,21.77,0,0,0,NA,NA,NA,NA,NA,NA,NA,NA,0,NA,NA,NA
29-07-2022 00:00,88,22.53,91.99,16.86,6.4,13.6,NA,NA,1.68,21.11,0,0,0,NA,NA,NA,NA,NA,NA,NA,NA,0,NA,NA,NA
30-07-2022 00:00,,32.5,71.18,298.95,44.55,109.71,NA,NA,2.5,26.89,0,0,0,NA,NA,NA,NA,NA,NA,NA,NA,0,NA,NA,NA
31-07-2022 00:00,100,20.09,51.61,237.82,38.56,156.37,NA,NA,2.22,21.51,0,0,0,NA,NA,NA,NA,NA,NA,NA,NA,0,NA,NA,NA
01-08-2022 00:00,101,31.11,70.02,184.82,22.39,93.66,NA,NA,2.12,25.79,0,0,0.17,NA,NA,NA,NA,NA,NA,NA,NA,0,NA,NA,NA
02-08-2022 00:00,,32,70.58,109.12,3.4,6.89,NA,NA,2.07,21.79,0.02,0.18,0.08,NA,NA,NA,NA,NA,NA,NA,NA,0,NA,NA,NA
03-08-2022 00:00,,43.5,97.58,11.28,5.4,8.98,NA,NA,2.64,14.79,0.12,0.66,0.2,NA,NA,NA,NA,NA,NA,NA,NA,0,NA,NA,NA
04-08-2022 00:00,,42.4,90.85,2.33,5.65,7.98,NA,NA,2.5,8.25,0.09,0.52,0.15,NA,NA,NA,NA,NA,NA,NA,NA,0,NA,NA,NA
05-08-2022 00:00,,36.16,65.41,3.25,6,9.24,NA,NA,2.84,9.67,0.09,0.46,0.14,NA,NA,NA,NA,NA,NA,NA,NA,0,NA,NA,NA
06-08-2022 00:00,,49.72,91.5,3.76,6.2,9.96,NA,NA,2.89,8.12,0.12,0.64,0.17,NA,NA,NA,NA,NA,NA,NA,NA,0,NA,NA,NA
07-08-2022 00:00,,44.69,91.03,2.6,5.76,8.36,NA,NA,2.94,9.02,0.1,0.73,0.2,NA,NA,NA,NA,NA,NA,NA,NA,0,NA,NA,NA
08-08-2022 00:00,,44.15,93.6,2.66,5.77,8.42,NA,NA,2.83,8.64,0.09,0.4,0.03,NA,NA,NA,NA,NA,NA,NA,NA,0,NA,NA,NA
09-08-2022 00:00,108,49.55,99.31,2.68,5.77,8.45,NA,NA,2.71,14.44,0.11,0.46,0.02,NA,NA,NA,NA,NA,NA,NA,NA,0,NA,NA,NA
10-08-2022 00:00,103,30.69,78.92,2.6,5.75,8.35,NA,NA,2.4,10.97,0,0,0,NA,NA,NA,NA,NA,NA,NA,NA,0,NA,NA,NA
11-08-2022 00:00,101,12.84,43.26,2.89,5.86,8.76,NA,NA,2.22,9.15,0,0,0,NA,NA,NA,NA,NA,NA,NA,NA,0,NA,NA,NA
12-08-2022 00:00,102,23.72,57.74,3.39,6.05,9.44,NA,NA,2.23,9.14,0,0,0,NA,NA,NA,NA,NA,NA,NA,NA,0,NA,NA,NA
13-08-2022 00:00,99,29.7,55.74,13.14,9.74,22.88,NA,NA,2.23,9.68,0,0,0,NA,NA,NA,NA,NA,NA,NA,NA,0,NA,NA,NA
14-08-2022 00:00,,20.24,45.81,2.49,5.7,8.19,NA,NA,2.37,11.73,0,0,0,NA,NA,NA,NA,NA,NA,NA,NA,0,NA,NA,NA
15-08-2022 00:00,,10.08,27.69,2.98,5.87,8.86,NA,NA,2.8,10.7,0,0,0,NA,NA,NA,NA,NA,NA,NA,NA,0,NA,NA,NA
16-08-2022 00:00,103,19.29,45.37,5.07,6.69,11.77,NA,NA,2.28,12.07,0.02,0.11,0,NA,NA,NA,NA,NA,NA,NA,NA,0,NA,NA,NA
17-08-2022 00:00,103,14.58,30.9,11.35,9.08,20.43,NA,NA,2.3,11.39,0.03,0.14,0,NA,NA,NA,NA,NA,NA,NA,NA,0,NA,NA,NA
18-08-2022 00:00,103,22.28,51.32,17.27,11.31,28.59,NA,NA,2.36,11.96,0.06,0.27,0,NA,NA,NA,NA,NA,NA,NA,NA,0,NA,NA,NA
19-08-2022 00:00,102,16.89,39.4,15.67,10.72,26.4,NA,NA,2.2,12.93,0.03,0.19,0,NA,NA,NA,NA,NA,NA,NA,NA,0,NA,NA,NA
20-08-2022 00:00,,34.98,78.97,15.53,10.68,25.38,NA,NA,2.37,23.68,0.01,0.05,0,NA,NA,NA,NA,NA,NA,NA,NA,0,NA,NA,NA
21-08-2022 00:00,,47.23,107.9,13.91,10.04,23.95,NA,NA,2.34,18.24,0,0,0,NA,NA,NA,NA,NA,NA,NA,NA,0,NA,NA,NA
22-08-2022 00:00,105,38.35,88.19,14.66,10.32,24.98,NA,NA,2.1,24.04,0,0,0,NA,NA,NA,NA,NA,NA,NA,NA,0,NA,NA,NA
23-08-2022 00:00,,22.84,55.26,20.07,12.39,32.46,NA,NA,1.97,17.61,0,0,0,NA,NA,NA,NA,NA,NA,NA,NA,0,NA,NA,NA
24-08-2022 00:00,104,20.98,44.83,14.45,10.26,24.71,NA,NA,2.33,15.17,0,0,0,NA,NA,NA,NA,NA,NA,NA,NA,0,NA,NA,NA
25-08-2022 00:00,104,35.77,88.99,15.86,10.78,26.64,NA,NA,2.43,26.1,0,0,0,NA,NA,NA,NA,NA,NA,NA,NA,0,NA,NA,NA
26-08-2022 00:00,102,36.12,86.72,16.72,11.12,27.84,NA,NA,2.32,13.82,0.01,0.09,0,NA,NA,NA,NA,NA,NA,NA,NA,0,NA,NA,NA
27-08-2022 00:00,104,32.2,85.41,17.33,11.34,28.67,NA,NA,2.43,11.13,0.01,0.12,0,NA,NA,NA,NA,NA,NA,NA,NA,0,NA,NA,NA
28-08-2022 00:00,105,43.06,122.73,16.52,11.03,27.55,NA,NA,2.57,12.18,0,0,0,NA,NA,NA,NA,NA,NA,NA,NA,0,NA,NA,NA
29-08-2022 00:00,124,45.67,130.2,15.26,10.56,25.82,NA,NA,2.54,16.1,0,0,0,NA,NA,NA,NA,NA,NA,NA,NA,0,NA,NA,NA
30-08-2022 00:00,106,51.91,127.54,16.53,11.05,27.59,NA,NA,2.36,10.95,0,0,0,NA,NA,NA,NA,NA,NA,NA,NA,0,NA,NA,NA
31-08-2022 00:00,,49.64,119.12,19,11.98,30.98,NA,NA,2.55,10.6,0,0,0,NA,NA,NA,NA,NA,NA,NA,NA,0,NA,NA,NA
01-09-2022 00:00,106,45.62,105.94,15.8,10.75,26.55,NA,NA,2.49,10.84,0,0,0,NA,NA,NA,NA,NA,NA,NA,NA,0,NA,NA,NA
02-09-2022 00:00,106,44.71,107.85,18.1,11.65,29.75,NA,NA,3.03,10.93,0,0,0,NA,NA,NA,NA,NA,NA,NA,NA,0,NA,NA,NA
03-09-2022 00:00,,36.16,91.65,16.64,11.07,27.34,NA,NA,2.52,15.91,0.01,0.16,0,NA,NA,NA,NA,NA,NA,NA,NA,0,NA,NA,NA
04-09-2022 00:00,,27.91,72.77,22.13,13.19,35.32,NA,NA,2.22,18.23,0.03,0.28,0,NA,NA,NA,NA,NA,NA,NA,NA,0,NA,NA,NA
05-09-2022 00:00,,33.03,88.68,21.03,12.75,33.77,NA,NA,2.19,19.71,0.03,0.22,0,NA,NA,NA,NA,NA,NA,NA,NA,0,NA,NA,NA
06-09-2022 00:00,,38.33,109.05,20.23,12.43,32.66,NA,NA,2.31,18.81,0.04,0.32,0,NA,NA,NA,NA,NA,NA,NA,NA,0,NA,NA,NA
07-09-2022 00:00,,43.84,105.84,19.72,12.27,31.99,NA,NA,2.43,23.26,0.04,0.14,0,NA,NA,NA,NA,NA,NA,NA,NA,0,NA,NA,NA
08-09-2022 00:00,118,68.96,138.58,21.73,13,34.72,NA,NA,2.46,28.69,0.05,0.17,0,NA,NA,NA,NA,NA,NA,NA,NA,0,NA,NA,NA
09-09-2022 00:00,125,58.27,107.97,23.19,13.57,36.77,NA,NA,2.56,32.44,0.01,0.16,0,NA,NA,NA,NA,NA,NA,NA,NA,0,NA,NA,NA
10-09-2022 00:00,104,47.68,80.1,14.75,10.37,25.12,NA,NA,2.31,29.69,0,0.03,0,NA,NA,NA,NA,NA,NA,NA,NA,0,NA,NA,NA
11-09-2022 00:00,101,32.22,69.03,19.28,12.07,31.35,NA,NA,2.53,35.38,0,0,0,NA,NA,NA,NA,NA,NA,NA,NA,0,NA,NA,NA
12-09-2022 00:00,103,28.28,66.65,19.73,12.24,31.97,NA,NA,2.07,34.8,0.01,0.06,0,NA,NA,NA,NA,NA,NA,NA,NA,0,NA,NA,NA
13-09-2022 00:00,,24.97,55.67,17.72,11.51,29.23,NA,NA,1.66,27.22,0.02,0.09,0,NA,NA,NA,NA,NA,NA,NA,NA,0,NA,NA,NA
14-09-2022 00:00,97,16.09,41.57,16.21,10.91,27.12,NA,NA,1.91,28.64,0.01,0.05,0,NA,NA,NA,NA,NA,NA,NA,NA,0,NA,NA,NA
15-09-2022 00:00,95,13.23,24.02,12.32,9.46,21.77,NA,NA,1.91,23.7,0.01,0.03,0,NA,NA,NA,NA,NA,NA,NA,NA,0,NA,NA,NA
16-09-2022 00:00,95,12.92,23.58,6.71,7.31,14.03,NA,NA,2.02,20.82,0.04,0.14,0.04,NA,NA,NA,NA,NA,NA,NA,NA,0,NA,NA,NA
17-09-2022 00:00,,21.29,59.52,4.6,6.5,11.1,NA,NA,2.45,19.39,0.15,0.7,0.21,NA,NA,NA,NA,NA,NA,NA,NA,0,NA,NA,NA
18-09-2022 00:00,,NA,NA,NA,NA,NA,NA,NA,NA,NA,NA,NA,NA,NA,NA,NA,NA,NA,NA,NA,NA,0,NA,NA,NA
19-09-2022 00:00,,56.8,114.17,4.7,6.55,11.25,NA,NA,2.92,21.88,0.25,1.54,0.38,NA,NA,NA,NA,NA,NA,NA,NA,0,NA,NA,NA
20-09-2022 00:00,112,49.74,100.11,4.72,6.55,11.27,NA,NA,1.78,28.98,0.24,1.07,0.32,NA,NA,NA,NA,NA,NA,NA,NA,0,NA,NA,NA
21-09-2022 00:00,89,47.02,90.93,10.32,8.67,17.89,NA,NA,1.68,21.14,0.26,1.38,0.32,NA,NA,NA,NA,NA,NA,NA,NA,0,NA,NA,NA
22-09-2022 00:00,58,25.3,56.09,22.63,14.55,35.24,NA,NA,1.26,17.97,0.06,0.25,0.07,NA,NA,NA,NA,NA,NA,NA,NA,0,NA,NA,NA
23-09-2022 00:00,40,22.76,5.17,20.26,12.46,25.07,NA,NA,0.77,23.11,0,0.02,0.01,NA,NA,NA,NA,NA,NA,NA,NA,0,NA,NA,NA
24-09-2022 00:00,59,22.53,34.63,13.83,10.04,23.87,NA,NA,1.12,18.31,0,0,0,NA,NA,NA,NA,NA,NA,NA,NA,0,NA,NA,NA
25-09-2022 00:00,50,23.43,50.67,17.65,11.47,29.12,NA,NA,1.44,28.76,0,0,0,NA,NA,NA,NA,NA,NA,NA,NA,0,NA,NA,NA
26-09-2022 00:00,97,49.32,106.05,17.95,11.6,29.55,NA,NA,1.68,41.43,0,0,0,NA,NA,NA,NA,NA,NA,NA,NA,0,NA,NA,NA
27-09-2022 00:00,,39.45,83.06,46.4,59.88,35.35,NA,NA,2.11,24.92,0.05,0.33,0,NA,NA,NA,NA,NA,NA,NA,NA,0,NA,NA,NA
28-09-2022 00:00,163,60.43,143.76,390.61,139.72,4.64,NA,NA,3.65,14.62,0.12,0.83,0.01,NA,NA,NA,NA,NA,NA,NA,NA,0,NA,NA,NA
29-09-2022 00:00,,66.25,129.02,1.23,2.23,3.46,NA,NA,1.35,16.5,0.11,0.81,0,NA,NA,NA,NA,NA,NA,NA,NA,0,NA,NA,NA
30-09-2022 00:00,145,76.97,147.42,1.43,2.3,3.72,NA,NA,1.72,17.3,0.12,0.75,0,NA,NA,NA,NA,NA,NA,NA,NA,0,NA,NA,NA
01-10-2022 00:00,168,78.77,148.96,70.43,28.13,77.26,NA,NA,1.88,19.58,0.11,0.9,0,NA,NA,NA,NA,NA,NA,NA,NA,0,NA,NA,NA
02-10-2022 00:00,,68.61,140.95,17.16,6.17,0.28,NA,NA,2.02,16.49,0.14,0.88,0,NA,NA,NA,NA,NA,NA,NA,NA,0,NA,NA,NA
03-10-2022 00:00,98,42.62,106.19,103.2,139.4,0.65,NA,NA,1.19,16.26,0.04,0.31,0,NA,NA,NA,NA,NA,NA,NA,NA,0,NA,NA,NA
04-10-2022 00:00,129,68.15,159.52,4.83,6.3,1.93,NA,NA,1.45,15.69,0.04,0.44,0.28,NA,NA,NA,NA,NA,NA,NA,NA,0,NA,NA,NA
05-10-2022 00:00,212,86.22,163.51,4.68,2.01,6.7,NA,NA,1.76,14.58,0.12,0.94,0.64,NA,NA,NA,NA,NA,NA,NA,NA,0,NA,NA,NA
06-10-2022 00:00,62,16.14,47.62,4.7,2.02,6.72,NA,NA,1.31,14.92,0.07,0.56,0.37,NA,NA,NA,NA,NA,NA,NA,NA,0,NA,NA,NA
07-10-2022 00:00,,17.51,39.29,4.72,2.03,6.75,NA,NA,1.32,11.84,0,0.1,0.04,NA,NA,NA,NA,NA,NA,NA,NA,0,NA,NA,NA
08-10-2022 00:00,74,16.22,33.23,4.76,2.04,6.8,NA,NA,1.26,12.74,0,0.06,0.02,NA,NA,NA,NA,NA,NA,NA,NA,0,NA,NA,NA
09-10-2022 00:00,,11.29,22.37,4.74,2.04,6.77,NA,NA,0.86,10.53,0,0.03,0,NA,NA,NA,NA,NA,NA,NA,NA,0,NA,NA,NA
10-10-2022 00:00,58,14.87,36.5,18.72,9.49,21.95,NA,NA,1.18,12.11,0,0.01,0,NA,NA,NA,NA,NA,NA,NA,NA,0,NA,NA,NA
11-10-2022 00:00,,35.33,75.33,17.09,14.09,28.22,NA,NA,1.38,11.03,0,0.01,0,NA,NA,NA,NA,NA,NA,NA,NA,0,NA,NA,NA
12-10-2022 00:00,154,64.24,138.36,14.7,28.99,43.69,NA,NA,2.5,10.57,0,0.06,0,NA,NA,NA,NA,NA,NA,NA,NA,0,NA,NA,NA
13-10-2022 00:00,100,47.43,108.7,14.3,28.82,43.12,NA,NA,1.48,11.4,0,0,0,NA,NA,NA,NA,NA,NA,NA,NA,0,NA,NA,NA
14-10-2022 00:00,120,66.78,145.9,13.83,28.61,42.43,NA,NA,1.43,11.53,0,0,0,NA,NA,NA,NA,NA,NA,NA,NA,0,NA,NA,NA
15-10-2022 00:00,181,96.64,177.72,19.53,22.16,34.73,NA,NA,1.69,15.39,0,0,0,NA,NA,NA,NA,NA,NA,NA,NA,0,NA,NA,NA
16-10-2022 00:00,288,137.74,210.06,19.1,7.44,26.54,NA,NA,2.9,19.16,0,0,0,NA,NA,NA,NA,NA,NA,NA,NA,0,NA,NA,NA
17-10-2022 00:00,294,141.04,229.54,17.99,7.02,13.79,NA,NA,3.51,17.33,0.06,0.24,0,NA,NA,NA,NA,NA,NA,NA,NA,0,NA,NA,NA
18-10-2022 00:00,303,132.11,219.54,NA,NA,0,NA,NA,2.74,15.95,0.12,0.51,0,NA,NA,NA,NA,NA,NA,NA,NA,0,NA,NA,NA
19-10-2022 00:00,,125.26,199.86,NA,NA,0,NA,NA,3.55,20.14,0.12,0.51,0,NA,NA,NA,NA,NA,NA,NA,NA,0,NA,NA,NA
20-10-2022 00:00,253,134.8,213.75,NA,NA,0,NA,NA,2.27,17.41,0.12,0.51,0,NA,NA,NA,NA,NA,NA,NA,NA,0,NA,NA,NA
21-10-2022 00:00,300,139.11,219.02,201.05,32.37,76.32,NA,NA,2.41,16.04,0.08,0.34,0,NA,NA,NA,NA,NA,NA,NA,NA,0,NA,NA,NA
22-10-2022 00:00,297,159.29,232.92,41.23,31.88,68.61,NA,NA,1.62,15.99,0.01,0.08,0,NA,NA,NA,NA,NA,NA,NA,NA,0,NA,NA,NA
23-10-2022 00:00,311,171.21,222.84,52.08,39.51,88.64,NA,NA,1.03,15.5,0,0,0,NA,NA,NA,NA,NA,NA,NA,NA,0,NA,NA,NA
24-10-2022 00:00,384,256.12,294.15,101.69,39.87,128.96,NA,NA,0.79,18.01,0.18,0.01,0,NA,NA,NA,NA,NA,NA,NA,NA,0,NA,NA,NA
25-10-2022 00:00,313,161.88,241.79,NA,101.77,NA,NA,NA,0.75,14.17,0.11,0.26,0.13,NA,NA,NA,NA,NA,NA,NA,NA,0,NA,NA,NA
26-10-2022 00:00,263,128.4,219.79,240.34,63.84,243.05,NA,NA,0.87,15.55,0.16,0.57,0.24,NA,NA,NA,NA,NA,NA,NA,NA,0,NA,NA,NA
27-10-2022 00:00,,192.92,298.25,192.15,29.02,186.7,NA,NA,2.77,14.48,0.48,1.48,0.51,NA,NA,NA,NA,NA,NA,NA,NA,0,NA,NA,NA
28-10-2022 00:00,354,222.27,339.72,89.21,29.67,117.02,NA,NA,3.37,10.06,0.54,2.19,0.75,NA,NA,NA,NA,NA,NA,NA,NA,0,NA,NA,NA
29-10-2022 00:00,398,229.02,346.31,82.85,25.83,108.68,NA,NA,3.8,12.11,0.61,2.3,0.8,NA,NA,NA,NA,NA,NA,NA,NA,0,NA,NA,NA
30-10-2022 00:00,351,211.17,336.83,101.38,22.01,123.27,NA,NA,3.76,12.74,0.49,2.54,0.86,NA,NA,NA,NA,NA,NA,NA,NA,0,NA,NA,NA
31-10-2022 00:00,401,284.09,432.02,93.15,37.26,130.4,NA,NA,3.95,13.55,0.24,1.03,0.45,NA,NA,NA,NA,NA,NA,NA,NA,0,NA,NA,NA
01-11-2022 00:00,,293.84,423.2,126.71,37.45,164.11,NA,NA,5.52,18.42,0,0,0,NA,NA,NA,NA,NA,NA,NA,NA,0,NA,NA,NA
02-11-2022 00:00,,259.56,384.21,58.53,28.37,86.89,NA,NA,2.56,14.73,0.19,1.09,0.32,NA,NA,NA,NA,NA,NA,NA,NA,0,NA,NA,NA
03-11-2022 00:00,459,480.54,601.87,40.3,29.65,69.95,NA,NA,2.6,15.78,0.42,2.35,0.68,NA,NA,NA,NA,NA,NA,NA,NA,0,NA,NA,NA
04-11-2022 00:00,453,334.19,467.57,94.41,41.06,135.44,NA,NA,3.86,16.39,0.83,3.95,1.02,NA,NA,NA,NA,NA,NA,NA,NA,0,NA,NA,NA
05-11-2022 00:00,,193.9,285.34,31.76,25.23,56.99,NA,NA,1.25,14.26,0,0,0,NA,NA,NA,NA,NA,NA,NA,NA,0,NA,NA,NA
06-11-2022 00:00,340,165.13,245.21,54.65,24.87,79.52,NA,NA,1.48,14.06,0,0,0,NA,NA,NA,NA,NA,NA,NA,NA,0,NA,NA,NA
07-11-2022 00:00,,207.4,304.4,58.84,25.02,83.86,NA,NA,1.92,15.11,0,0,0,NA,NA,NA,NA,NA,NA,NA,NA,0,NA,NA,NA
08-11-2022 00:00,,246.35,322.94,32.68,19.11,51.8,NA,NA,1.25,12.4,0,0,0,NA,NA,NA,NA,NA,NA,NA,NA,0,NA,NA,NA
09-11-2022 00:00,265,106.74,186.04,47.19,30.08,76.45,NA,NA,1.08,14.6,0.33,0.66,0.19,NA,NA,NA,NA,NA,NA,NA,NA,0,NA,NA,NA
10-11-2022 00:00,316,162.96,251.94,71.34,22.32,93.67,NA,NA,1.97,22.64,0.66,2.82,0.9,NA,NA,NA,NA,NA,NA,NA,NA,0,NA,NA,NA
11-11-2022 00:00,333,189.48,253.4,14.47,19.99,34.47,NA,NA,0.53,4.74,0.2,0.97,0.3,NA,NA,NA,NA,NA,NA,NA,NA,0,NA,NA,NA
12-11-2022 00:00,,183.01,252.04,15.45,22.64,38.09,NA,NA,0.4,5.04,0.19,0.94,0.22,NA,NA,NA,NA,NA,NA,NA,NA,0,NA,NA,NA
13-11-2022 00:00,,157.1,222.25,35.26,24.3,59.55,NA,NA,0.6,5.2,0.18,0.97,0.26,NA,NA,NA,NA,NA,NA,NA,NA,0,NA,NA,NA
14-11-2022 00:00,289,139.2,218.51,101.94,32.39,134.34,NA,NA,1.55,5.13,0.48,2.01,0.87,NA,NA,NA,NA,NA,NA,NA,NA,0,NA,NA,NA
15-11-2022 00:00,,97.47,186.27,49.82,27.15,76.96,NA,NA,0.76,5.07,0.25,1.53,0.54,NA,NA,NA,NA,NA,NA,NA,NA,0,NA,NA,NA
16-11-2022 00:00,,118.07,202.94,10.83,22.97,33.75,NA,NA,0.64,7.33,0.14,1.11,0.3,NA,NA,NA,NA,NA,NA,NA,NA,0,NA,NA,NA
17-11-2022 00:00,,129.64,197.47,16.71,19.54,36.25,NA,NA,1.06,11.83,0.14,0.71,0.15,NA,NA,NA,NA,NA,NA,NA,NA,0,NA,NA,NA
18-11-2022 00:00,,152.07,217.18,33.94,21.09,55.03,NA,NA,1.43,13.76,0.19,1.02,0.28,NA,NA,NA,NA,NA,NA,NA,NA,0,NA,NA,NA
19-11-2022 00:00,,128.92,197.48,65.04,24.2,89.25,NA,NA,2.01,11.57,0.34,2.11,0.63,NA,NA,NA,NA,NA,NA,NA,NA,0,NA,NA,NA
20-11-2022 00:00,300,162.11,235.27,39.91,23.56,63.41,NA,NA,1.8,13.65,0.34,1.7,0.54,NA,NA,NA,NA,NA,NA,NA,NA,0,NA,NA,NA
21-11-2022 00:00,,125.29,195.01,25.8,17.64,43.44,NA,NA,1.29,11.67,0.19,1.21,0.31,NA,NA,NA,NA,NA,NA,NA,NA,0,NA,NA,NA
22-11-2022 00:00,,105.07,176.17,16.55,13.62,30.17,NA,NA,1,12,0.13,1.04,0.28,NA,NA,NA,NA,NA,NA,NA,NA,0,NA,NA,NA
23-11-2022 00:00,,98.12,182.5,17.42,12.12,29.53,NA,NA,0.88,11.71,0.24,1.29,0.2,NA,NA,NA,NA,NA,NA,NA,NA,0,NA,NA,NA
24-11-2022 00:00,213,102.04,187.71,32.3,9.27,41.57,NA,NA,1.62,13.7,0.16,1.37,0.3,NA,NA,NA,NA,NA,NA,NA,NA,0,NA,NA,NA
25-11-2022 00:00,,148.42,256.65,74.91,12.44,86.72,NA,NA,3.06,12.02,0.39,3.65,1.07,NA,NA,NA,NA,NA,NA,NA,NA,0,NA,NA,NA
26-11-2022 00:00,296,139.53,224.84,34.86,10.9,45.56,NA,NA,2.05,13.29,0.18,1.89,0.48,NA,NA,NA,NA,NA,NA,NA,NA,0,NA,NA,NA
27-11-2022 00:00,,149.46,225.98,32.43,8.98,41.4,NA,NA,2.13,12.79,0.32,1.18,0.21,NA,NA,NA,NA,NA,NA,NA,NA,0,NA,NA,NA
28-11-2022 00:00,,180.91,269.69,89.8,20.55,108.28,NA,NA,3.42,14.23,0.57,2.34,0.41,NA,NA,NA,NA,NA,NA,NA,NA,0,NA,NA,NA
29-11-2022 00:00,374,245.09,346.09,204.19,29.25,227.95,NA,NA,3.63,12.59,1.49,4.19,0.71,NA,NA,NA,NA,NA,NA,NA,NA,0,NA,NA,NA
30-11-2022 00:00,350,208.95,317.12,123.84,24.87,148.72,NA,NA,4.27,11.88,0.27,0.86,0.32,NA,NA,NA,NA,NA,NA,NA,NA,0,NA,NA,NA
01-12-2022 00:00,363,210.56,314.58,98.61,27.82,126.44,NA,NA,3.88,12.81,0.92,2.63,0.74,NA,NA,NA,NA,NA,NA,NA,NA,0,NA,NA,NA
02-12-2022 00:00,349,179.85,278.71,101.71,33.17,127.18,NA,NA,3.1,12.33,0.77,1.85,0.59,NA,NA,NA,NA,NA,NA,NA,NA,0,NA,NA,NA
03-12-2022 00:00,341,188.27,262.78,90.31,38.05,121.16,NA,NA,3.23,10.4,0.48,1.4,0.65,NA,NA,NA,NA,NA,NA,NA,NA,0,NA,NA,NA
04-12-2022 00:00,396,233.69,324.4,5.95,4.28,4.53,NA,NA,3.59,11.22,0.58,1.88,0.56,NA,NA,NA,NA,NA,NA,NA,NA,0,NA,NA,NA
05-12-2022 00:00,,163.45,230.23,48.11,23.7,55.31,NA,NA,3.33,12.54,0,0,0.35,NA,NA,NA,NA,NA,NA,NA,NA,0,NA,NA,NA
06-12-2022 00:00,322,152.52,236.9,14.51,24.92,39.43,NA,NA,1.19,16.9,0.06,0.07,0.02,NA,NA,NA,NA,NA,NA,NA,NA,0,NA,NA,NA
07-12-2022 00:00,,122.7,192.59,9.43,20.48,29.87,NA,NA,0.81,16.39,0.02,0.01,0,NA,NA,NA,NA,NA,NA,NA,NA,0,NA,NA,NA
08-12-2022 00:00,278,127.41,202.61,38.26,22.18,60.44,NA,NA,1.39,11.34,0,0,0,NA,NA,NA,NA,NA,NA,NA,NA,0,NA,NA,NA
09-12-2022 00:00,308,153.82,243.64,88.51,23.27,111.76,NA,NA,2.59,11.52,0,0,0,NA,NA,NA,NA,NA,NA,NA,NA,0,NA,NA,NA
10-12-2022 00:00,359,209.45,319.79,145.19,21.56,165.89,NA,NA,3.59,10.46,0.12,0.98,0.29,NA,NA,NA,NA,NA,NA,NA,NA,0,NA,NA,NA
11-12-2022 00:00,281,110.29,182.91,48.66,19.8,68.47,NA,NA,0.89,9.12,0.23,2.25,0.54,NA,NA,NA,NA,NA,NA,NA,NA,0,NA,NA,NA
12-12-2022 00:00,180,77.36,143.67,27.18,22.52,49.71,NA,NA,0.48,8.91,0.07,0.58,0.21,NA,NA,NA,NA,NA,NA,NA,NA,0,NA,NA,NA
13-12-2022 00:00,,60.59,130.95,8.5,18.99,27.44,NA,NA,0.22,11.57,0.03,0.23,0.04,NA,NA,NA,NA,NA,NA,NA,NA,0,NA,NA,NA
14-12-2022 00:00,124,73.57,136.21,21.28,18.76,40.04,NA,NA,0.42,11.53,0,0,0,NA,NA,NA,NA,NA,NA,NA,NA,0,NA,NA,NA
15-12-2022 00:00,164,77.46,141.62,15.99,23.39,39.39,NA,NA,0.82,12.28,0,0,0,NA,NA,NA,NA,NA,NA,NA,NA,0,NA,NA,NA
16-12-2022 00:00,202,107.75,188.43,6.83,20.59,12.23,NA,NA,3.03,20.38,0.02,0,0.01,NA,NA,NA,NA,NA,NA,NA,NA,0,NA,NA,NA
17-12-2022 00:00,305,149.05,232,57.59,21.58,65.77,NA,NA,3.93,20.3,0,0,0.49,NA,NA,NA,NA,NA,NA,NA,NA,0,NA,NA,NA
18-12-2022 00:00,349,260.69,349.43,99.6,20.47,119.53,NA,NA,3.54,21.95,0,0,0.01,NA,NA,NA,NA,NA,NA,NA,NA,0,NA,NA,NA
19-12-2022 00:00,419,264.74,351.87,57.2,25.27,82.4,NA,NA,3.36,21.11,0.21,0.24,0.03,NA,NA,NA,NA,NA,NA,NA,NA,0,NA,NA,NA
20-12-2022 00:00,357,177.71,245.29,46.47,23.96,70.4,NA,NA,3.32,19.81,0.14,0.09,0.01,NA,NA,NA,NA,NA,NA,NA,NA,0,NA,NA,NA
21-12-2022 00:00,291,135.19,206.66,22.02,17.99,40,NA,NA,1.82,17.5,0.01,0,0,NA,NA,NA,NA,NA,NA,NA,NA,0,NA,NA,NA
22-12-2022 00:00,,222.92,345.13,50.98,22.91,73.88,NA,NA,2.53,13.43,0.1,1.93,0.33,NA,NA,NA,NA,NA,NA,NA,NA,0,NA,NA,NA
23-12-2022 00:00,,172.84,241.1,16.26,18.03,29.62,NA,NA,1.31,11.21,0.12,0.82,0.11,NA,NA,NA,NA,NA,NA,NA,NA,0,NA,NA,NA
24-12-2022 00:00,336,143.2,199.7,10.45,20.79,20.28,NA,NA,0.84,13.21,0.05,0.35,0.06,NA,NA,NA,NA,NA,NA,NA,NA,0,NA,NA,NA
25-12-2022 00:00,312,161.06,237.13,6.33,11.41,8.2,NA,NA,0.76,16.82,0,0,0,NA,NA,NA,NA,NA,NA,NA,NA,0,NA,NA,NA
26-12-2022 00:00,322,177.16,258.66,11.21,16.72,11.59,NA,NA,1.18,13.57,0,0.01,0,NA,NA,NA,NA,NA,NA,NA,NA,0,NA,NA,NA
27-12-2022 00:00,332,157.11,198.77,9.71,30.52,22.14,NA,NA,1.93,17.43,0,0,0,NA,NA,NA,NA,NA,NA,NA,NA,0,NA,NA,NA
28-12-2022 00:00,314,141.05,198.81,11.38,23.21,34.59,NA,NA,3.52,21.56,0,0,0.01,NA,NA,NA,NA,NA,NA,NA,NA,0,NA,NA,NA
29-12-2022 00:00,310,196.81,293.43,31.6,35.34,66.95,NA,NA,2.43,22.12,0,0,0,NA,NA,NA,NA,NA,NA,NA,NA,0,NA,NA,NA
30-12-2022 00:00,390,222.63,303.6,22.98,32.96,53.29,NA,NA,2.75,19.2,0,0,0,NA,NA,NA,NA,NA,NA,NA,NA,0,NA,NA,NA
31-12-2022 00:00,313,134.01,190.43,105.74,58.64,3.4,NA,NA,0.76,18.38,0,0,0,NA,NA,NA,NA,NA,NA,NA,NA,0,NA,NA,NA
